{"DocumentTypeId":"citizenbank.Form.KYC","FormId":"8bf7649a","FormName":"AccOpening Template","OriginalFileExtension":"pdf","Pages":[{"Page":0,"Size":[0.0,0.0,595.0,842.0],"SkewAngle":0.0,"Evidence":[{"Text":"Branch","Box":[102.0097,149.05,26.8819,8.4008]},{"Text":"Screening","Box":[140.8934,39.8427,37.9225,10.081]},{"Text":"ID","Box":[140.8934,79.2053,8.6406,8.4008]},{"Text":"KYC","Box":[54.2452,205.2138,28.5619,15.3615]},{"Text":"Form","Box":[54.4852,237.616,35.2824,14.8814]},{"Text":"for","Box":[53.5251,274.8185,22.5615,16.0815]},{"Text":"Individual","Box":[53.2851,299.7802,70.5648,15.6015]},{"Text":"Customer","Box":[53.7651,373.2251,67.9246,14.8814]},{"Text":"Date","Box":[121.4515,346.1033,18.4812,8.1608]},{"Text":"Citizenship","Box":[246.9835,180.4921,38.8827,10.081]},{"Text":"No.","Box":[247.4635,219.8548,12.4808,7.6807]},{"Text":"In","Box":[449.0827,44.403,8.4006,8.1608]},{"Text":"case","Box":[450.7628,53.7636,18.2412,6.2406]},{"Text":"of","Box":[449.0827,72.9649,9.1206,8.4008]},{"Text":"residing","Box":[448.6026,82.5656,31.4421,10.081]},{"Text":"rented","Box":[448.6026,124.0883,26.1618,8.4008]},{"Text":"house","Box":[448.8427,151.4502,23.0415,7.9208]},{"Text":"Education","Box":[547.7321,42.2428,37.9226,8.6408]},{"Text":"Qulification:","Box":[547.492,81.1255,47.0431,9.1209]},{"Text":"Have","Box":[787.9949,43.2029,19.6813,8.1608]},{"Text":"you","Box":[789.195,63.3643,14.6409,8.4008]},{"Text":"been","Box":[787.9949,79.9254,19.2012,7.9208]},{"Text":"convicted","Box":[787.7549,100.3267,37.4426,8.1608]},{"Text":"for","Box":[787.5148,139.4494,12.0008,8.1608]},{"Text":"any","Box":[788.955,152.6503,14.4009,8.1608]},{"Text":"crime","Box":[787.5148,168.2513,22.3215,8.1608]}],"Fields":[{"Field":"citizenbank.Form.KYC.FullName","Box":[151.849,84.4466,502.806,17.819]},{"Field":"citizenbank.Form.KYC.DateofBirth","Box":[198.4571,200.237,86.7694,14.2391]},{"Field":"citizenbank.Form.KYC.DateOfBirth(BS)","Box":[198.0121,88.1043,86.3244,15.574]},{"Field":"citizenbank.Form.KYC.Nationality","Box":[246.9589,78.7599,94.3339,17.7988]},{"Field":"citizenbank.Form.KYC.citizenshipno","Box":[240.2844,237.6145,82.3196,15.574]},{"Field":"citizenbank.Form.KYC.IssuingOffice","Box":[238.5045,384.455,77.8699,18.2438]},{"Field":"citizenbank.Form.KYC.issuedDate","Box":[239.8394,512.6066,80.5398,15.574]},{"Field":"citizenbank.Form.KYC.pHouseNumber","Box":[338.178,78.7599,32.0379,11.5692]},{"Field":"citizenbank.Form.KYC.pTole","Box":[335.5082,131.7114,108.128,16.4639]},{"Field":"citizenbank.Form.KYC.pWardNumber","Box":[335.5082,281.6667,31.5929,15.129]},{"Field":"citizenbank.Form.KYC.pMobileNumber","Box":[392.0195,218.0358,97.0037,17.3539]},{"Field":"citizenbank.Form.KYC.email","Box":[418.1105,63.8922,284.7036,17.8898]},{"Field":"citizenbank.Form.KYC.pZone","Box":[372.1081,210.5887,101.2052,16.3564]},{"Field":"citizenbank.Form.KYC.genderM","Box":[197.946,348.6328,10.0716,11.6211]},{"Field":"citizenbank.Form.KYC.genderF","Box":[197.946,391.2435,10.459,12.3958]},{"Field":"citizenbank.Form.KYC.genderO","Box":[197.5586,440.0521,11.2337,12.0085]},{"Field":"citizenbank.Form.KYC.MS-Single","Box":[223.7014,88.6586,9.9814,11.1557]},{"Field":"citizenbank.Form.KYC.MS-Married","Box":[223.7014,133.2814,12.33,11.7429]},{"Field":"citizenbank.Form.KYC.NameOfInstitution","Box":[585.9685,156.7671,194.9314,18.7886]},{"Field":"citizenbank.Form.KYC.Designation","Box":[584.7942,446.8157,145.6114,18.2014]},{"Field":"citizenbank.Form.KYC.Address","Box":[610.6285,76.9157,267.7371,14.0914]},{"Field":"citizenbank.Form.KYC.SOI-Salary","Box":[647.6185,130.3457,12.33,13.5043]},{"Field":"citizenbank.Form.KYC.SOI-Business","Box":[647.0314,184.95,12.33,12.9171]},{"Field":"citizenbank.Form.KYC.SOI-Rent","Box":[649.3799,243.6643,11.1557,10.5686]},{"Field":"citizenbank.Form.KYC.SOI-Pension","Box":[647.6185,295.92,12.9171,12.9171]},{"Field":"citizenbank.Form.KYC.SOI-Remittance","Box":[647.0314,357.57,12.33,12.9171]},{"Field":"citizenbank.Form.KYC.Education-BelowSLC","Box":[549.5657,138.5657,10.5686,10.5686]},{"Field":"citizenbank.Form.KYC.Education-SLC","Box":[545.4557,204.9128,10.5686,14.6786]},{"Field":"citizenbank.Form.KYC.Education-Intermediate","Box":[547.9906,260.3377,11.4656,11.8029]},{"Field":"citizenbank.Form.KYC.Education-Bachelors","Box":[547.6534,349.3651,10.7912,12.8145]},{"Field":"citizenbank.Form.KYC.Education-Masters","Box":[547.3162,423.8918,10.7912,11.1284]},{"Field":"citizenbank.Form.KYC.Occupation-Service","Box":[566.8752,139.9484,10.1167,11.4656]},{"Field":"citizenbank.Form.KYC.Occupation-Business","Box":[567.2124,205.37,10.7912,11.4656]},{"Field":"citizenbank.Form.KYC.Occupation-Rent","Box":[567.8869,259.326,12.1401,11.1284]},{"Field":"citizenbank.Form.KYC.Occupation-Pension","Box":[566.538,348.6906,11.8029,12.4773]}],"Tables":[]},{"Page":1,"Size":[0.0,0.0,595.0,842.0],"SkewAngle":0.0,"Evidence":[{"Text":"Relationship","Box":[52.325,84.7257,47.0432,9.8409]},{"Text":"Spouse","Box":[76.0872,55.9238,27.3618,10.321]},{"Text":"Mother","Box":[103.6898,55.9238,28.0818,8.4008]},{"Text":"Grandfather","Box":[116.171,56.6438,47.0431,8.8808]},{"Text":"Grandmother","Box":[128.8922,56.8838,51.1235,8.6408]},{"Text":"Father-in-law","Box":[218.6608,58.3239,52.0835,8.4008]},{"Text":"Site","Box":[355.4738,35.7624,15.6011,8.4008]},{"Text":"Map","Box":[355.4738,52.3235,16.5612,9.8409]},{"Text":"Permanent","Box":[354.9937,87.8459,41.5228,8.4008]},{"Text":"Address","Box":[354.0336,129.6087,30.2421,8.4008]},{"Text":"Thumb","Box":[634.1403,453.6305,27.1218,8.1608]},{"Text":"Impression","Box":[633.4202,482.1924,40.8028,10.321]},{"Text":"Prepared","Box":[797.5958,74.885,34.8024,9.8409]},{"Text":"&","Box":[797.3558,110.8875,7.2005,8.4008]},{"Text":"Checked","Box":[796.8757,119.528,32.6423,8.6408]},{"Text":"By","Box":[797.3558,153.6103,9.8407,9.3609]},{"Text":"Verified","Box":[794.7155,302.1803,30.4821,8.6408]},{"Text":"By","Box":[794.7155,333.8624,10.5608,10.081]}],"Fields":[{"Field":"citizenbank.Form.KYC.spouseName","Box":[69.7266,163.4701,197.946,15.8822]},{"Field":"citizenbank.Form.KYC.fatherName","Box":[85.9961,163.4701,197.946,12.7832]},{"Field":"citizenbank.Form.KYC.motherName","Box":[98.3919,164.2448,197.1712,12.3958]},{"Field":"citizenbank.Form.KYC.grandFatherName","Box":[111.1751,163.4701,197.946,12.7832]},{"Field":"citizenbank.Form.KYC.grandMotherName","Box":[123.571,164.2448,197.5586,13.9453]}],"Tables":[]},{"Page":2,"Size":[0.0,0.0,595.0,842.0],"SkewAngle":0.0,"Evidence":[{"Text":"ACCOUNT","Box":[40.8039,395.3066,66.7244,14.8814]},{"Text":"OPENING","Box":[40.8039,464.6712,60.7241,14.6414]},{"Text":"FORM","Box":[41.0439,529.2356,39.1226,14.6414]},{"Text":"The","Box":[117.6112,65.0444,15.8411,8.4008]},{"Text":"Manager","Box":[117.6112,82.3255,32.6422,10.321]},{"Text":"Citizens","Box":[138.0131,65.2844,31.4421,8.4008]},{"Text":"Bank","Box":[138.2531,97.9266,19.6813,8.1608]},{"Text":"International","Box":[138.0131,118.568,50.8833,9.1209]},{"Text":"Ltd.","Box":[138.0131,170.6515,16.3211,8.6408]},{"Text":"Account","Box":[239.7828,64.5643,32.4022,8.1608]},{"Text":"Type","Box":[239.7828,97.4465,19.4413,10.081]},{"Text":"Name","Box":[337.4721,236.1759,26.4017,9.3609]},{"Text":"of","Box":[337.7121,264.0177,10.5608,8.8808]},{"Text":"Applicant/s","Box":[337.4721,275.2985,51.3635,11.2811]},{"Text":"Nomination","Box":[470.4447,228.2553,52.3237,9.1209]},{"Text":"Details","Box":[470.4447,282.019,31.442,9.1209]},{"Text":"Introducer's","Box":[666.5433,230.1755,55.6838,9.6009]},{"Text":"Details","Box":[666.7834,287.0593,31.442,9.3609]},{"Text":"Introducer's","Box":[781.5143,461.791,45.8431,8.8808]},{"Text":"Signature","Box":[781.9943,508.8342,36.9624,9.6009]}],"Fields":[{"Field":"citizenbank.Form.KYC.accTypeSaving","Box":[242.0642,119.2522,12.9042,11.1243]},{"Field":"citizenbank.Form.KYC.accTypeCurrent","Box":[242.9542,176.6535,11.5692,9.3444]},{"Field":"citizenbank.Form.KYC.scheme","Box":[230.94,432.0669,146.8404,18.2438]},{"Field":"citizenbank.Form.KYC.currencyNPR","Box":[264.7578,116.5824,15.574,11.5692]},{"Field":"citizenbank.Form.KYC.Saving","Box":[309.8958,119.3099,11.6211,12.0085]},{"Field":"citizenbank.Form.KYC.Salary","Box":[313.3822,176.6406,12.3958,11.2337]},{"Field":"citizenbank.Form.KYC.Business","Box":[312.2201,222.3503,13.5579,12.7832]},{"Field":"citizenbank.Form.KYC.Remittance","Box":[311.8327,284.7168,10.459,10.8464]}],"Tables":[]},{"Page":3,"Size":[0.0,0.0,595.0,842.0],"SkewAngle":0.0,"Evidence":[{"Text":"Expected","Box":[47.2845,226.0952,42.2429,10.321]},{"Text":"Transactions","Box":[47.2845,269.2981,56.8838,9.1209]},{"Text":"Beneficial","Box":[128.1722,244.5764,44.643,8.6408]},{"Text":"Owner","Box":[128.1722,290.6595,31.2021,9.3609]},{"Text":"Debit","Box":[296.4282,82.3255,21.8415,8.4008]},{"Text":"Card:","Box":[296.1881,104.647,21.8415,9.1209]},{"Text":"Visa","Box":[296.6682,167.2912,16.8012,8.4008]},{"Text":"Mastercard","Box":[296.9082,217.6946,42.963,8.4008]},{"Text":"Mobile","Box":[322.1106,81.8455,26.4018,8.6408]},{"Text":"Banking","Box":[322.1106,109.4474,30.9621,10.561]},{"Text":"--Banking","Box":[346.8329,84.9657,35.2824,10.561]},{"Text":"Mode","Box":[373.7155,223.9351,25.4416,9.1209]},{"Text":"of","Box":[373.7155,250.3368,10.8008,9.3609]},{"Text":"Operation","Box":[374.1956,261.3776,46.0832,10.321]},{"Text":"Singly","Box":[394.5975,218.1747,23.7616,10.321]},{"Text":"Specimen","Box":[423.1602,238.336,44.403,10.801]},{"Text":"of","Box":[422.9202,284.1791,11.0408,9.6009]},{"Text":"Signature","Box":[423.4002,295.9399,43.4429,10.561]}],"Fields":[{"Field":"citizenbank.Form.KYC.expectedNoOfTransaction50","Box":[72.0704,257.6133,11.245,10.2228]},{"Field":"citizenbank.Form.KYC.AnnualNoofTransaction-100","Box":[70.2128,335.1067,10.8511,12.1277]},{"Field":"citizenbank.Form.KYC.AnnualNoofTransaction-200","Box":[71.8548,415.3649,11.3648,10.265]},{"Field":"citizenbank.Form.KYC.AnnualNoofTransaction-200+","Box":[71.4882,493.0854,12.098,12.098]},{"Field":"citizenbank.Form.KYC.Mode-Singly","Box":[397.9205,203.9439,10.2228,10.4783]}],"Tables":[]},{"Page":4,"Size":[0.0,0.0,595.0,842.0],"SkewAngle":0.0,"Evidence":[{"Text":"Statement","Box":[50.1648,61.4441,40.5628,8.4008]},{"Text":"Monthly","Box":[49.4447,134.409,31.6821,9.8409]},{"Text":"Quarterly","Box":[49.4447,194.8931,37.4425,10.081]},{"Text":"Requisition","Box":[97.2092,218.6547,51.1235,11.041]},{"Text":"of","Box":[96.9692,270.9782,10.8008,9.3609]},{"Text":"Cheque","Box":[96.9692,282.739,35.2824,11.2811]},{"Text":"Book","Box":[97.2092,319.4615,23.0415,8.6408]},{"Text":"Stamp","Box":[300.2685,488.9129,25.2016,10.081]},{"Text":"Terms","Box":[331.2315,150.7301,28.3219,8.8808]},{"Text":"and","Box":[330.9915,180.2521,17.5212,8.8808]},{"Text":"Conditions","Box":[330.7514,198.7334,48.9633,9.6009]},{"Text":"for","Box":[330.9915,248.6567,14.641,9.1209]},{"Text":"Account","Box":[330.9915,264.0177,37.9226,9.1209]},{"Text":"Operation","Box":[330.9915,302.6603,45.6031,10.801]},{"Text":"Statements","Box":[577.9749,75.6051,38.4026,7.2007]},{"Text":"the","Box":[577.4949,122.6482,12.7209,7.6807]},{"Text":"account","Box":[578.215,135.6091,27.1219,6.9607]},{"Text":"shall","Box":[577.2549,162.9709,16.5611,7.9208]},{"Text":"The","Box":[692.7058,75.3651,13.4409,7.4407]},{"Text":"reserves","Box":[694.1459,107.5272,28.5619,6.2406]},{"Text":"the","Box":[692.9459,136.0891,12.2409,7.6807]},{"Text":"right","Box":[692.9459,148.57,17.0411,8.6408]},{"Text":"refuse","Box":[692.9459,174.4917,21.3614,7.4407]}],"Fields":[],"Tables":[]},{"Page":5,"Size":[0.0,0.0,595.0,842.0],"SkewAngle":0.0,"Evidence":[{"Text":"The","Box":[43.6842,96.7265,14.1609,7.4407]},{"Text":"shall","Box":[44.1642,129.3687,16.0811,7.2007]},{"Text":"be","Box":[43.9242,158.8907,9.3606,7.6807]},{"Text":"responsible","Box":[44.4042,190.8128,38.4026,8.8808]},{"Text":"accountable","Box":[44.6442,238.8161,40.5627,7.6807]},{"Text":"whatsoever","Box":[45.3643,316.3413,39.3627,7.4407]},{"Text":"arising","Box":[45.6043,356.1839,22.8016,8.8808]},{"Text":"The","Box":[346.1129,95.0464,14.1609,7.4407]},{"Text":"validity","Box":[346.1129,109.4474,24.7216,8.8808]},{"Text":"of","Box":[346.1129,134.649,8.1606,7.6807]},{"Text":"the","Box":[346.3529,142.8096,12.0009,7.4407]},{"Text":"service","Box":[346.8329,155.2904,24.2417,7.4407]},{"Text":"shall","Box":[346.5929,180.0121,15.8411,7.4407]},{"Text":"be","Box":[346.8329,196.5732,9.1206,7.4407]},{"Text":"1","Box":[347.073,206.1739,5.5204,7.2007]},{"Text":"year.","Box":[348.2731,211.4542,17.2812,7.2007]},{"Text":"Internet","Box":[637.9807,79.6854,32.4022,8.6408]},{"Text":"Banking","Box":[638.2206,113.2876,30.7221,9.8409]},{"Text":"Image","Box":[713.5878,79.2053,24.0016,10.561]},{"Text":"Captured","Box":[714.3079,104.407,36.0024,10.081]},{"Text":"By","Box":[714.7879,142.0896,10.3206,9.3609]},{"Text":"Image","Box":[715.748,313.7011,24.0016,10.081]},{"Text":"Verified","Box":[715.748,338.4228,30.482,8.6408]},{"Text":"Prepared","Box":[797.8358,130.5688,35.0423,9.8409]},{"Text":"/Checked","Box":[797.8358,164.4111,36.0024,8.8808]}],"Fields":[],"Tables":[]}]}