{"DataContractVersion":"1.1","DocumentTypes":[{"DocumentTypeId":"citizenbank.Form.KYC","Group":"citizen bank","Category":"Form","Name":"KYC","OptionalUniqueIdentifier":null,"TypeField":{"FieldId":"citizenbank.Form.KYC.DocumentType","FieldName":"Document Type"},"Fields":[{"FieldId":"citizenbank.Form.KYC.Salutation","FieldName":"Salutation","IsMultiValue":false,"Type":"Set","DeriveFieldsFormat":"","Components":[],"SetValues":["Mr","Mrs"],"Metadata":[{"Key":"RequiresReference","Value":"false"}]},{"FieldId":"citizenbank.Form.KYC.FullName","FieldName":"FullName","IsMultiValue":false,"Type":"Text","DeriveFieldsFormat":"","Components":[],"SetValues":[],"Metadata":[{"Key":"RequiresReference","Value":"false"}]},{"FieldId":"citizenbank.Form.KYC.DateofBirth","FieldName":"Date Of Birth (AD)(dd-mm-yyyy)","IsMultiValue":true,"Type":"Date","DeriveFieldsFormat":"(Day, Month, Year)","Components":[],"SetValues":[],"Metadata":[{"Key":"RequiresReference","Value":"false"}]},{"FieldId":"citizenbank.Form.KYC.DateOfBirth(BS)","FieldName":"Date Of Birth (BS)(yyyy-mm-dd)","IsMultiValue":false,"Type":"Date","DeriveFieldsFormat":"","Components":[],"SetValues":[],"Metadata":[{"Key":"RequiresReference","Value":"true"}]},{"FieldId":"citizenbank.Form.KYC.Nationality","FieldName":"Nationality","IsMultiValue":false,"Type":"Text","DeriveFieldsFormat":"","Components":[],"SetValues":[],"Metadata":[{"Key":"RequiresReference","Value":"false"}]},{"FieldId":"citizenbank.Form.KYC.citizenshipno","FieldName":"Citizenship Number","IsMultiValue":false,"Type":"Text","DeriveFieldsFormat":"","Components":[],"SetValues":[],"Metadata":[{"Key":"RequiresReference","Value":"false"}]},{"FieldId":"citizenbank.Form.KYC.IssuingOffice","FieldName":"Issuing Office","IsMultiValue":false,"Type":"Text","DeriveFieldsFormat":"","Components":[],"SetValues":[],"Metadata":[{"Key":"RequiresReference","Value":"false"}]},{"FieldId":"citizenbank.Form.KYC.issuedDate","FieldName":"Issued Date(BS)(yyyy-mm-dd)","IsMultiValue":false,"Type":"Date","DeriveFieldsFormat":"","Components":[],"SetValues":[],"Metadata":[{"Key":"RequiresReference","Value":"false"}]},{"FieldId":"citizenbank.Form.KYC.pHouseNumber","FieldName":"Permanent House Number","IsMultiValue":false,"Type":"Text","DeriveFieldsFormat":"","Components":[],"SetValues":[],"Metadata":[{"Key":"RequiresReference","Value":"false"}]},{"FieldId":"citizenbank.Form.KYC.pTole","FieldName":"Permanent Tole","IsMultiValue":false,"Type":"Text","DeriveFieldsFormat":"","Components":[],"SetValues":[],"Metadata":[{"Key":"RequiresReference","Value":"false"}]},{"FieldId":"citizenbank.Form.KYC.pWardNumber","FieldName":"Permanent Ward Number","IsMultiValue":false,"Type":"Text","DeriveFieldsFormat":"","Components":[],"SetValues":[],"Metadata":[{"Key":"RequiresReference","Value":"false"}]},{"FieldId":"citizenbank.Form.KYC.pMobileNumber","FieldName":"Permanent Mobile Number","IsMultiValue":false,"Type":"Text","DeriveFieldsFormat":"","Components":[],"SetValues":[],"Metadata":[{"Key":"RequiresReference","Value":"false"}]},{"FieldId":"citizenbank.Form.KYC.email","FieldName":"Email","IsMultiValue":false,"Type":"Text","DeriveFieldsFormat":"","Components":[],"SetValues":[],"Metadata":[{"Key":"RequiresReference","Value":"false"}]},{"FieldId":"citizenbank.Form.KYC.pZone","FieldName":"Permanent Zone","IsMultiValue":false,"Type":"Text","DeriveFieldsFormat":"","Components":[],"SetValues":[],"Metadata":[{"Key":"RequiresReference","Value":"false"}]},{"FieldId":"citizenbank.Form.KYC.genderM","FieldName":"Male","IsMultiValue":false,"Type":"Boolean","DeriveFieldsFormat":"","Components":[],"SetValues":[],"Metadata":[{"Key":"RequiresReference","Value":"false"}]},{"FieldId":"citizenbank.Form.KYC.genderF","FieldName":"Female","IsMultiValue":false,"Type":"Boolean","DeriveFieldsFormat":"","Components":[],"SetValues":[],"Metadata":[{"Key":"RequiresReference","Value":"false"}]},{"FieldId":"citizenbank.Form.KYC.genderO","FieldName":"Gender - Others","IsMultiValue":false,"Type":"Boolean","DeriveFieldsFormat":"","Components":[],"SetValues":[],"Metadata":[{"Key":"RequiresReference","Value":"false"}]},{"FieldId":"citizenbank.Form.KYC.spouseName","FieldName":"Spouse Name","IsMultiValue":false,"Type":"Name","DeriveFieldsFormat":"","Components":[],"SetValues":[],"Metadata":[{"Key":"RequiresReference","Value":"false"}]},{"FieldId":"citizenbank.Form.KYC.fatherName","FieldName":"Father Name","IsMultiValue":false,"Type":"Name","DeriveFieldsFormat":"","Components":[],"SetValues":[],"Metadata":[{"Key":"RequiresReference","Value":"false"}]},{"FieldId":"citizenbank.Form.KYC.motherName","FieldName":"Mother Name","IsMultiValue":false,"Type":"Name","DeriveFieldsFormat":"","Components":[],"SetValues":[],"Metadata":[{"Key":"RequiresReference","Value":"false"}]},{"FieldId":"citizenbank.Form.KYC.grandFatherName","FieldName":"GrandFather Name","IsMultiValue":false,"Type":"Name","DeriveFieldsFormat":"","Components":[],"SetValues":[],"Metadata":[{"Key":"RequiresReference","Value":"true"}]},{"FieldId":"citizenbank.Form.KYC.grandMotherName","FieldName":"GrandMother Name","IsMultiValue":false,"Type":"Name","DeriveFieldsFormat":"","Components":[],"SetValues":[],"Metadata":[{"Key":"RequiresReference","Value":"true"}]},{"FieldId":"citizenbank.Form.KYC.accTypeSaving","FieldName":"A/C Type - Saving Account","IsMultiValue":false,"Type":"Boolean","DeriveFieldsFormat":"","Components":[],"SetValues":[],"Metadata":[{"Key":"RequiresReference","Value":"true"}]},{"FieldId":"citizenbank.Form.KYC.accTypeCurrent","FieldName":"A/C  Type - Current Account","IsMultiValue":false,"Type":"Boolean","DeriveFieldsFormat":"","Components":[],"SetValues":[],"Metadata":[{"Key":"RequiresReference","Value":"true"}]},{"FieldId":"citizenbank.Form.KYC.scheme","FieldName":"Scheme","IsMultiValue":false,"Type":"Text","DeriveFieldsFormat":"","Components":[],"SetValues":[],"Metadata":[{"Key":"RequiresReference","Value":"true"}]},{"FieldId":"citizenbank.Form.KYC.currencyNPR","FieldName":"Currency NPR","IsMultiValue":false,"Type":"Boolean","DeriveFieldsFormat":"","Components":[],"SetValues":[],"Metadata":[{"Key":"RequiresReference","Value":"true"}]},{"FieldId":"citizenbank.Form.KYC.expectedNoOfTransaction50","FieldName":"Annual No of Transaction - 50","IsMultiValue":false,"Type":"Boolean","DeriveFieldsFormat":"","Components":[],"SetValues":[],"Metadata":[{"Key":"RequiresReference","Value":"true"}]},{"FieldId":"citizenbank.Form.KYC.AnnualNoofTransaction-100","FieldName":"Annual No of Transaction - 100","IsMultiValue":false,"Type":"Boolean","DeriveFieldsFormat":"","Components":[],"SetValues":[],"Metadata":[{"Key":"RequiresReference","Value":"true"}]},{"FieldId":"citizenbank.Form.KYC.AnnualNoofTransaction-200","FieldName":"Annual No of Transaction - 200","IsMultiValue":false,"Type":"Boolean","DeriveFieldsFormat":"","Components":[],"SetValues":[],"Metadata":[{"Key":"RequiresReference","Value":"true"}]},{"FieldId":"citizenbank.Form.KYC.AnnualNoofTransaction-200+","FieldName":"Annual No of Transaction - 200+","IsMultiValue":false,"Type":"Boolean","DeriveFieldsFormat":"","Components":[],"SetValues":[],"Metadata":[{"Key":"RequiresReference","Value":"true"}]},{"FieldId":"citizenbank.Form.KYC.MS-Single","FieldName":"MS - Single","IsMultiValue":false,"Type":"Boolean","DeriveFieldsFormat":"","Components":[],"SetValues":[],"Metadata":[{"Key":"RequiresReference","Value":"true"}]},{"FieldId":"citizenbank.Form.KYC.MS-Married","FieldName":"MS - Married","IsMultiValue":false,"Type":"Boolean","DeriveFieldsFormat":"","Components":[],"SetValues":[],"Metadata":[{"Key":"RequiresReference","Value":"true"}]},{"FieldId":"citizenbank.Form.KYC.NameOfInstitution","FieldName":"Name Of Institution","IsMultiValue":false,"Type":"Text","DeriveFieldsFormat":"","Components":[],"SetValues":[],"Metadata":[{"Key":"RequiresReference","Value":"true"}]},{"FieldId":"citizenbank.Form.KYC.Designation","FieldName":"Designation","IsMultiValue":false,"Type":"Text","DeriveFieldsFormat":"","Components":[],"SetValues":[],"Metadata":[{"Key":"RequiresReference","Value":"true"}]},{"FieldId":"citizenbank.Form.KYC.Address","FieldName":"Institution Address","IsMultiValue":false,"Type":"Text","DeriveFieldsFormat":"","Components":[],"SetValues":[],"Metadata":[{"Key":"RequiresReference","Value":"true"}]},{"FieldId":"citizenbank.Form.KYC.SOI-Salary","FieldName":"SOI - Salary","IsMultiValue":false,"Type":"Boolean","DeriveFieldsFormat":"","Components":[],"SetValues":[],"Metadata":[{"Key":"RequiresReference","Value":"true"}]},{"FieldId":"citizenbank.Form.KYC.SOI-Business","FieldName":"SOI - Business","IsMultiValue":false,"Type":"Boolean","DeriveFieldsFormat":"","Components":[],"SetValues":[],"Metadata":[{"Key":"RequiresReference","Value":"true"}]},{"FieldId":"citizenbank.Form.KYC.SOI-Rent","FieldName":"SOI - Rent","IsMultiValue":false,"Type":"Boolean","DeriveFieldsFormat":"","Components":[],"SetValues":[],"Metadata":[{"Key":"RequiresReference","Value":"true"}]},{"FieldId":"citizenbank.Form.KYC.SOI-Pension","FieldName":"SOI - Pension","IsMultiValue":false,"Type":"Boolean","DeriveFieldsFormat":"","Components":[],"SetValues":[],"Metadata":[{"Key":"RequiresReference","Value":"true"}]},{"FieldId":"citizenbank.Form.KYC.SOI-Remittance","FieldName":"SOI - Remittance","IsMultiValue":false,"Type":"Boolean","DeriveFieldsFormat":"","Components":[],"SetValues":[],"Metadata":[{"Key":"RequiresReference","Value":"true"}]},{"FieldId":"citizenbank.Form.KYC.Education-BelowSLC","FieldName":"Education - Below SLC","IsMultiValue":false,"Type":"Boolean","DeriveFieldsFormat":"","Components":[],"SetValues":[],"Metadata":[{"Key":"RequiresReference","Value":"true"}]},{"FieldId":"citizenbank.Form.KYC.Education-SLC","FieldName":"Education - SLC","IsMultiValue":false,"Type":"Boolean","DeriveFieldsFormat":"","Components":[],"SetValues":[],"Metadata":[{"Key":"RequiresReference","Value":"true"}]},{"FieldId":"citizenbank.Form.KYC.Education-Intermediate","FieldName":"Education - Intermediate","IsMultiValue":false,"Type":"Boolean","DeriveFieldsFormat":"","Components":[],"SetValues":[],"Metadata":[{"Key":"RequiresReference","Value":"true"}]},{"FieldId":"citizenbank.Form.KYC.Education-Bachelors","FieldName":"Education - Bachelors","IsMultiValue":false,"Type":"Boolean","DeriveFieldsFormat":"","Components":[],"SetValues":[],"Metadata":[{"Key":"RequiresReference","Value":"true"}]},{"FieldId":"citizenbank.Form.KYC.Education-Masters","FieldName":"Education - Masters","IsMultiValue":false,"Type":"Boolean","DeriveFieldsFormat":"","Components":[],"SetValues":[],"Metadata":[{"Key":"RequiresReference","Value":"true"}]},{"FieldId":"citizenbank.Form.KYC.Occupation-Service","FieldName":"Occupation - Service","IsMultiValue":false,"Type":"Boolean","DeriveFieldsFormat":"","Components":[],"SetValues":[],"Metadata":[{"Key":"RequiresReference","Value":"true"}]},{"FieldId":"citizenbank.Form.KYC.Occupation-Business","FieldName":"Occupation - Business","IsMultiValue":false,"Type":"Boolean","DeriveFieldsFormat":"","Components":[],"SetValues":[],"Metadata":[{"Key":"RequiresReference","Value":"true"}]},{"FieldId":"citizenbank.Form.KYC.Occupation-Rent","FieldName":"Occupation - Professional","IsMultiValue":false,"Type":"Boolean","DeriveFieldsFormat":"","Components":[],"SetValues":[],"Metadata":[{"Key":"RequiresReference","Value":"true"}]},{"FieldId":"citizenbank.Form.KYC.Occupation-Pension","FieldName":"Occupation - Housewife","IsMultiValue":false,"Type":"Boolean","DeriveFieldsFormat":"","Components":[],"SetValues":[],"Metadata":[{"Key":"RequiresReference","Value":"true"}]},{"FieldId":"citizenbank.Form.KYC.Saving","FieldName":"Purpose of A/C - Saving","IsMultiValue":false,"Type":"Boolean","DeriveFieldsFormat":"","Components":[],"SetValues":[],"Metadata":[{"Key":"RequiresReference","Value":"true"}]},{"FieldId":"citizenbank.Form.KYC.Salary","FieldName":"Purpose of A/C - Salary","IsMultiValue":false,"Type":"Boolean","DeriveFieldsFormat":"","Components":[],"SetValues":[],"Metadata":[{"Key":"RequiresReference","Value":"true"}]},{"FieldId":"citizenbank.Form.KYC.Business","FieldName":"Purpose of A/C - Business","IsMultiValue":false,"Type":"Boolean","DeriveFieldsFormat":"","Components":[],"SetValues":[],"Metadata":[{"Key":"RequiresReference","Value":"true"}]},{"FieldId":"citizenbank.Form.KYC.Remittance","FieldName":"Purpose of A/C - Remittance","IsMultiValue":false,"Type":"Boolean","DeriveFieldsFormat":"","Components":[],"SetValues":[],"Metadata":[{"Key":"RequiresReference","Value":"true"}]},{"FieldId":"citizenbank.Form.KYC.Mode-Singly","FieldName":"Mode - Singly","IsMultiValue":false,"Type":"Boolean","DeriveFieldsFormat":"","Components":[],"SetValues":[],"Metadata":[{"Key":"RequiresReference","Value":"true"}]},{"FieldId":"citizenbank.Form.KYC.Mode-Jointly","FieldName":"Mode - Jointly","IsMultiValue":false,"Type":"Boolean","DeriveFieldsFormat":"","Components":[],"SetValues":[],"Metadata":[{"Key":"RequiresReference","Value":"true"}]}]}],"Groups":[{"Name":"citizen bank","Categories":["Form"]}],"SupportedLanguages":[{"Name":"Undetermined Language","Code":"und"},{"Name":"Bulgarian","Code":"bul"},{"Name":"Cantonese","Code":"yue"},{"Name":"Danish","Code":"dan"},{"Name":"Dutch","Code":"nld"},{"Name":"English","Code":"eng"},{"Name":"French","Code":"fra"},{"Name":"Georgian","Code":"kat"},{"Name":"German","Code":"deu"},{"Name":"Greek","Code":"ell"},{"Name":"Hebrew","Code":"heb"},{"Name":"Hindi","Code":"hin"},{"Name":"Italian","Code":"ita"},{"Name":"Japanese","Code":"jpn"},{"Name":"Korean","Code":"kor"},{"Name":"Macedonian","Code":"mkd"},{"Name":"Mandarin","Code":"zho"},{"Name":"Marathi","Code":"mar"},{"Name":"Norwegian","Code":"nor"},{"Name":"Polish","Code":"pol"},{"Name":"Portuguese","Code":"por"},{"Name":"Romanian","Code":"ron"},{"Name":"Russian","Code":"rus"},{"Name":"Serbian","Code":"srp"},{"Name":"Spanish","Code":"spa"},{"Name":"Swedish","Code":"swe"},{"Name":"Telugu","Code":"tel"}]}